<?xml version="1.0" encoding="UTF-8"?>
<project-private xmlns="http://www.netbeans.org/ns/project-private/1">
    <editor-bookmarks xmlns="http://www.netbeans.org/ns/editor-bookmarks/2" lastBookmarkId="0"/>
    <open-files xmlns="http://www.netbeans.org/ns/projectui-open-files/2">
        <group>
            <file>file:/Users/fernandotonooka/NetBeansProjects/LES_Projeto/web/js/principal.js</file>
            <file>file:/Users/fernandotonooka/NetBeansProjects/LES_Projeto/web/index.jsp</file>
            <file>file:/Users/fernandotonooka/NetBeansProjects/LES_Projeto/web/Cliente.jsp</file>
            <file>file:/Users/fernandotonooka/NetBeansProjects/LES_Projeto/web/css/padrao.css</file>
        </group>
    </open-files>
</project-private>
