<?xml version="1.0" encoding="UTF-8"?>
<project-private xmlns="http://www.netbeans.org/ns/project-private/1">
    <editor-bookmarks xmlns="http://www.netbeans.org/ns/editor-bookmarks/2" lastBookmarkId="0"/>
    <open-files xmlns="http://www.netbeans.org/ns/projectui-open-files/2">
        <group>
            <file>file:/Users/fernandotonooka/NetBeansProjects/LES_Projeto/web/Cliente.jsp</file>
            <file>file:/Users/fernandotonooka/NetBeansProjects/LES_Projeto/src/java/webcontroller/Controller.java</file>
            <file>file:/Users/fernandotonooka/NetBeansProjects/LES_Projeto/src/java/webcontroller/VhEntrarCliente.java</file>
            <file>file:/Users/fernandotonooka/NetBeansProjects/LES_Projeto/src/java/webcontroller/VhExcluirCliente.java</file>
            <file>file:/Users/fernandotonooka/NetBeansProjects/LES_Projeto/web/AlterarCliente.jsp</file>
            <file>file:/Users/fernandotonooka/NetBeansProjects/LES_Projeto/web/index.jsp</file>
            <file>file:/Users/fernandotonooka/NetBeansProjects/LES_Projeto/src/java/controller/Fachada.java</file>
        </group>
    </open-files>
</project-private>
